{
    "accuracy": 0.9830508474576272,
    "precision": 0.9834745762711864,
    "recall": 0.9830508474576272,
    "f1_score": 0.9829408237475177,
    "classification_report": "              precision    recall  f1-score   support\n\n      benign       0.97      1.00      0.99        39\n   malicious       1.00      0.95      0.97        20\n\n    accuracy                           0.98        59\n   macro avg       0.99      0.97      0.98        59\nweighted avg       0.98      0.98      0.98        59\n"
}